
INSERT INTO Executor
VALUES (999, 'My Morning Jacket');

INSERT INTO Executor
VALUES (998, 'The Strokes');

INSERT INTO Executor
VALUES (997, 'Foals');

INSERT INTO Executor
VALUES (996, 'Time Impala');

INSERT INTO Executor
VALUES (995, 'King Gizzard & The Lizard Wizard');

INSERT INTO Executor
VALUES (994, 'Oh Sees');

INSERT INTO Executor
VALUES (993, 'Arctic Monkeys');

INSERT INTO Executor
VALUES (992, 'Kikagaku Moyo');

INSERT INTO Genre
VALUES (99, 'Rock');

INSERT INTO Genre
VALUES (98, 'Folk');

INSERT INTO Genre
VALUES (97, 'Psychedelic rock');

INSERT INTO Genre
VALUES (96, 'Indie rock');

INSERT INTO Genre
VALUES (95, 'Punk rock');

INSERT INTO Album
VALUES (9999, 'Z', 2005);

INSERT INTO Album
VALUES (9998, 'Angels', 2011);

INSERT INTO Album
VALUES (9997, 'Masana Temples', 2019);

INSERT INTO Album
VALUES (9996, 'Everything', 2019);

INSERT INTO Album
VALUES (9995, 'Lonerism', 2012);

INSERT INTO Album
VALUES (9994, 'Butterfly 3000', 2019);

INSERT INTO Album
VALUES (9993, 'Mutilator Defeated At Last', 2004);

INSERT INTO Album
VALUES (9992, 'AM', 2013);

INSERT INTO Track
VALUES (99999, 0.0, 9992, 'Arabella');

INSERT INTO Track
VALUES (99998, 0.0, 9992, 'R U Mine?');

INSERT INTO Track
VALUES (99997, 0.0, 9999, 'Dondante');

INSERT INTO Track
VALUES (99996, 0.0, 9999, 'Gideon');

INSERT INTO Track
VALUES (99995, 0.0, 9998, 'Last Nite');

INSERT INTO Track
VALUES (99994, 0.0, 9998, 'Reptilia');

INSERT INTO Track
VALUES (99993, 0.0, 9997, 'Nana');

INSERT INTO Track
VALUES (99992, 0.0, 9997, 'Nazo Nazo');

INSERT INTO Track
VALUES (99991, 0.0, 9996, 'Exits');

INSERT INTO Track
VALUES (99990, 0.0, 9996, 'On the Luna');

INSERT INTO Track
VALUES (99989, 0.0, 9995, 'Mind Mischief');

INSERT INTO Track
VALUES (99988, 0.0, 9995, 'Elephant');

INSERT INTO Track
VALUES (99987, 0.0, 9994, 'Shanghai');

INSERT INTO Track
VALUES (99986, 0.0, 9994, 'Catching Smoke');

INSERT INTO Track
VALUES (99985, 0.0, 9993, 'Sticky Hulks');

INSERT INTO Track
VALUES (99984, 0.0, 9993, 'Chem Farmer');

INSERT INTO Compilation
VALUES (9, 'Pye', 2019)

INSERT INTO Compilation
VALUES (8, 'Cosmos', 2020)

INSERT INTO Compilation
VALUES (7, 'Cool', 2021)

INSERT INTO Compilation
VALUES (6, 'Memory', 2022)

INSERT INTO Compilation
VALUES (5, 'Power', 2017)

INSERT INTO Compilation
VALUES (4, 'Inside', 2016)

INSERT INTO Compilation
VALUES (3, 'Flame', 2015)

INSERT INTO Compilation
VALUES (2, 'Time', 1999)

INSERT INTO ExecutorAndAlbum
VALUES (999, 9999)

INSERT INTO ExecutorAndAlbum
VALUES (998, 9998)

INSERT INTO ExecutorAndAlbum
VALUES (992, 9997)

INSERT INTO ExecutorAndAlbum
VALUES (997, 9996)

INSERT INTO ExecutorAndAlbum
VALUES (996, 9995)

INSERT INTO ExecutorAndAlbum
VALUES (995, 9994)

INSERT INTO ExecutorAndAlbum
VALUES (994, 9993)

INSERT INTO ExecutorAndAlbum
VALUES (993, 9992)

INSERT INTO GenreAndExecutor
VALUES (99, 999)

INSERT INTO GenreAndExecutor
VALUES (98, 998)

INSERT INTO GenreAndExecutor
VALUES (97, 992)

INSERT INTO GenreAndExecutor
VALUES (98, 997)

INSERT INTO GenreAndExecutor
VALUES (97, 996)

INSERT INTO GenreAndExecutor
VALUES (97, 995)

INSERT INTO GenreAndExecutor
VALUES (95, 994)

INSERT INTO GenreAndExecutor
VALUES (96, 993)

INSERT INTO TrackAndCompilation
VALUES (99999, 6)

INSERT INTO TrackAndCompilation
VALUES (99998, 6)

INSERT INTO TrackAndCompilation
VALUES (99997, 8)

INSERT INTO TrackAndCompilation
VALUES (99996, 3)

INSERT INTO TrackAndCompilation
VALUES (99995, 9)

INSERT INTO TrackAndCompilation
VALUES (99994, 4)

INSERT INTO TrackAndCompilation
VALUES (99993, 2)

INSERT INTO TrackAndCompilation
VALUES (99992, 5)

INSERT INTO TrackAndCompilation
VALUES (99991, 3)

INSERT INTO TrackAndCompilation
VALUES (99990, 8)

INSERT INTO TrackAndCompilation
VALUES (99989, 2)

INSERT INTO TrackAndCompilation
VALUES (99988, 6)

INSERT INTO TrackAndCompilation
VALUES (99987, 7)

INSERT INTO TrackAndCompilation
VALUES (99986, 9)

INSERT INTO TrackAndCompilation
VALUES (99985, 7)

INSERT INTO TrackAndCompilation
VALUES (99984, 4)
